{"cameraMode":{"drawMode":0,"name":"Shaded","section":"Shading Mode"},"sceneLighting":true,"audioPlay":false,"sceneViewState":{"m_AlwaysRefresh":false,"showFog":true,"showSkybox":true,"showFlares":true,"showImageEffects":true,"showParticleSystems":true,"showVisualEffectGraphs":true,"m_FxEnabled":true},"in2DMode":false,"pivot":{"x":-12.085265159606934,"y":-8.388651847839356,"z":12.105758666992188},"rotation":{"x":-0.2305537611246109,"y":0.37137144804000857,"z":-0.09574101865291596,"w":-0.8942997455596924},"size":14.194635391235352,"orthographic":false}