{"cameraMode":{"drawMode":0,"name":"Shaded","section":"Shading Mode"},"sceneLighting":true,"audioPlay":false,"sceneViewState":{"m_AlwaysRefresh":false,"showFog":true,"showSkybox":true,"showFlares":true,"showImageEffects":true,"showParticleSystems":true,"showVisualEffectGraphs":true,"m_FxEnabled":true},"in2DMode":false,"pivot":{"x":1.1656440496444703,"y":0.014710549265146256,"z":0.7940194010734558},"rotation":{"x":0.006323919165879488,"y":0.6842697262763977,"z":0.005958388559520245,"w":-0.729244589805603},"size":1.2751485109329224,"orthographic":false}