{"cameraMode":{"drawMode":0,"name":"Shaded","section":"Shading Mode"},"sceneLighting":true,"audioPlay":false,"sceneViewState":{"m_AlwaysRefresh":false,"showFog":true,"showSkybox":true,"showFlares":true,"showImageEffects":true,"showParticleSystems":true,"showVisualEffectGraphs":true,"m_FxEnabled":true},"in2DMode":false,"pivot":{"x":-1.5553197860717774,"y":29.132190704345704,"z":-12.009446144104004},"rotation":{"x":-0.04218200594186783,"y":-0.6952599883079529,"z":0.04093697667121887,"w":-0.7164229154586792},"size":1.2751485109329224,"orthographic":false}