{"cameraMode":{"drawMode":0,"name":"Shaded","section":"Shading Mode"},"sceneLighting":true,"audioPlay":false,"sceneViewState":{"m_AlwaysRefresh":false,"showFog":true,"showSkybox":true,"showFlares":true,"showImageEffects":true,"showParticleSystems":true,"showVisualEffectGraphs":true,"m_FxEnabled":true},"in2DMode":false,"pivot":{"x":1.8558696508407593,"y":-3.586981773376465,"z":-7.873877048492432},"rotation":{"x":0.025640981271862985,"y":0.9675239324569702,"z":-0.22634534537792207,"w":0.10960268974304199},"size":5.4515814781188969,"orthographic":false}