{"cameraMode":{"drawMode":0,"name":"Shaded","section":"Shading Mode"},"sceneLighting":true,"audioPlay":false,"sceneViewState":{"m_AlwaysRefresh":false,"showFog":true,"showSkybox":true,"showFlares":true,"showImageEffects":true,"showParticleSystems":true,"showVisualEffectGraphs":true,"m_FxEnabled":true},"in2DMode":false,"pivot":{"x":-10.174179077148438,"y":-33.294010162353519,"z":-24.543611526489259},"rotation":{"x":-0.021348237991333009,"y":0.8914101719856262,"z":-0.45091378688812258,"w":-0.04229104891419411},"size":37.9588737487793,"orthographic":false}